property_scrubbed	amount
Tag Air, Inc.	1271944.0
Tag Air, Inc.	783842.0
Tag Air, Inc.	641840.0
Tag Air, Inc.	585470.0
Tag Air, Inc.	537436.0
Tag Air, Inc.	530160.0
Tag Air, Inc.	511306.15
Tag Air, Inc.	506486.0
Tag Air, Inc.	495070.0
Tag Air, Inc.	476426.0
Tag Air, Inc.	473970.25
Tag Air, Inc.	466464.0
Tag Air, Inc.	422730.0
Tag Air, Inc.	349540.0
Tag Air, Inc.	319496.0
Tag Air, Inc.	300696.0
Trump Tower Commercial LLC	283500.0
Tag Air, Inc.	283464.0
Tag Air, Inc.	258930.0
Mar-a-Lago Club LLC	222071.28
Trump Tower Commercial LLC	169758.33
Trump Tower Commercial LLC	169758.33
Trump Tower Commercial LLC	169758.33
Trump Tower Commercial LLC	169758.33
Trump Tower Commercial LLC	169758.33
Trump Tower Commercial LLC	169758.33
Trump Tower Commercial LLC	158996.39
Trump Hotel Las Vegas	139616.0
Trump Tower Commercial LLC	130888.33
Trump Restaurants LLC	125080.31
Trump Hotel D.C	121250.0
Trump Golf Club Miami	117155.17
Trump Tower Commercial LLC	110684.17
Trump Hotel D.C	93252.41
The Trump Corporation	89561.0
Trump Golf Club Miami	87866.37
Trump Hotel Las Vegas	79043.94
Trump Hotel Las Vegas	79043.94
Trump Tower Commercial LLC	75123.75
Trump Tower Commercial LLC	72800.0
Trump Hotel D.C	65395.92
Mar-a-Lago Club LLC	62774.23
Trump Hotel D.C.	57201.28
Trump Hotel D.C	56449.67
Trump Golf Club Miami	56330.48
Trump Hotel D.C	54562.0
Trump Restaurants LLC	49276.57
Trump Golf Club Westchester	48239.77
Trump Hotel D.C	46965.74
Trump Tower Commercial LLC	40816.67
Trump Tower Commercial LLC	39892.89
Trump Tower Commercial LLC	39816.67
Trump Tower Commercial LLC	39816.67
Trump Tower Commercial LLC	39816.67
The Trump Corporation	37993.04
Trump Hotel Las Vegas	37823.09
Trump Hotel Las Vegas	37823.09
Trump Tower Commercial LLC	37541.67
Trump Tower Commercial LLC	37541.67
Tag Air, Inc.	37500.0
Trump Golf Club Jupiter	35845.0
Trump Tower Commercial LLC	35457.5
Trump Tower Commercial LLC	35457.5
Trump Tower Commercial LLC	35457.5
Trump Tower Commercial LLC	35457.5
Trump Tower Commercial LLC	35457.5
Trump Tower Commercial LLC	35457.5
Trump Tower Commercial LLC	35457.5
Trump Tower Commercial LLC	35457.5
The Trump Corporation	35457.5
Trump Tower Commercial LLC	35457.5
Trump Golf Club Miami	31820.97
Trump Hotel D.C.	30250.0
Trump Golf Club Bedminster	29791.99
Trump Golf Club Palm Beach	29715.42
Trump Golf Club Miami	29288.79
Other	27546.11
Trump Hotel D.C	27500.0
Trump Hotel D.C	26500.0
Trump Golf Club Miami	25927.19
The Trump Corporation	25885.0
Trump Tower Commercial LLC	25874.17
Trump Hotel D.C	25151.86
Other	24999.96
Trump Golf Club Jupiter	24147.4
Trump Payroll Corp	23775.5
Trump Hotel D.C	23675.0
Trump Hotel Chicago	21843.92
Trump Hotel D.C.	21835.63
Trump Golf Club Bedminster	21330.0
Trump Golf Club Miami	21141.28
Trump Hotel D.C	19571.91
Trump Hotel D.C	19000.0
Trump Hotel Las Vegas	18731.9
Trump Hotel Las Vegas	18584.97
Trump Hotel Las Vegas	16142.61
The Trump Corporation	16112.0
Trump Golf Club Bedminster  	15221.1
Trump Golf Club Miami	14986.92
Trump Hotel Vancouver	14930.3
Eric Trump Wine Manufacturing, LLC	14314.42
Trump Hotel Las Vegas	13828.09
Trump Hotel D.C	13750.0
Trump Hotel D.C	13750.0
Trump Hotel D.C	13431.88
Trump Hotel D.C	13431.88
Trump Hotel Vancouver	13035.85
Trump Hotel D.C	12265.61
Trump Restaurants LLC	11634.53
Trump Golf Club D.C	11600.0
Trump Golf Club Miami	11541.2
Trump Golf Club Miami	11541.2
Trump Payroll Corp	11023.12
Trump Restaurants LLC	11000.0
Trump Hotel Las Vegas	10860.19
Trump Hotel Las Vegas	10860.19
Trump Hotel Las Vegas	10670.08
Trump Hotel Las Vegas	10670.08
Trump Payroll Corp	10418.81
Trump Golf Club Doonberg	10398.33
Trump Hotel NY	10248.0
Trump Payroll Corp	9752.12
Trump Golf Club D.C	9705.0
Trump Payroll Corp	9651.47
Trump Golf Club Bedminster	9618.78
Trump Golf Club Miami	9587.47
The Trump Corporation	9583.33
Trump Tower Commercial LLC	9583.33
Trump Tower Commercial LLC	9583.33
The Trump Corporation	9510.0
The Trump Corporation	9510.0
The Trump Corporation	9510.0
Trump Golf Club Charlotte	9480.5
Trump Golf Club Palm Beach	9401.6
Trump Golf Club Palm Beach	9401.6
Trump Golf Club Palm Beach	9401.6
Trump Golf Club Doonberg	9312.17
Trump Hotel D.C	9245.93
Trump Payroll Corp	9106.13
Trump Payroll Corp	9013.45
Trump Payroll Corp	9013.45
Trump Plaza LLC	9000.0
Trump Plaza LLC	9000.0
Trump Plaza LLC	9000.0
Trump Plaza LLC	9000.0
Trump Plaza LLC	9000.0
Trump Plaza LLC	9000.0
Trump Plaza LLC	9000.0
Trump Plaza LLC	9000.0
Trump Plaza LLC	9000.0
Trump Plaza LLC	9000.0
Trump Plaza LLC	9000.0
Trump Plaza LLC	9000.0
Trump Plaza LLC	9000.0
Trump Plaza LLC	9000.0
Trump Plaza LLC	9000.0
Trump Plaza LLC	9000.0
Trump Plaza LLC	9000.0
Trump Plaza LLC	9000.0
Trump Payroll Corp	8896.68
Trump Golf Club Charlotte	8799.17
Trump Payroll Corp	8735.72
Trump Hotel D.C	8733.99
Trump Golf Club D.C	8544.0
Trump Golf Club D.C	8544.0
Trump Hotel Chicago	8366.14
Trump Hotel D.C	8261.1
Trump Tower Commercial LLC	7990.94
The Trump Corporation	7928.0
Trump Soho NY	7896.35
Trump Golf Club Bedminster	7776.17
Trump Golf Resort Scotland	7724.72
Trump Plaza LLC	7700.0
Trump Hotel Chicago	7635.69
Trump Hotel D.C	7600.0
BLT Prime D.C	7585.67
Trump Payroll Corp	7519.36
Trump Payroll Corp	7519.36
Trump Golf Club Doonberg	7421.69
Trump Payroll Corp	7401.56
Trump Hotel D.C	7282.48
Trump Golf Club Palm Beach	7251.97
Trump Golf Club Palm Beach	7189.88
Trump Hotel NY	7173.6
Trump Hotel NY	7173.6
Trump Golf Club Palm Beach	7051.2
Trump Golf Club Palm Beach	7051.2
Trump Payroll Corp	6990.81
Trump Hotel D.C	6925.0
Eric Trump Wine Manufacturing, LLC	6850.44
Trump Hotel D.C	6825.0
Trump Hotel D.C	6363.14
BLT Prime D.C	6341.73
Trump Tower Commercial LLC	6250.41
Trump Payroll Corp	6197.32
Trump Hotel D.C	6092.0
Eric Trump Wine Manufacturing, LLC	6039.88
Eric Trump Wine Manufacturing, LLC	6039.88
Trump Hotel D.C	6037.5
Trump CPS LLC	6000.0
Trump CPS LLC	6000.0
Trump CPS LLC	6000.0
Trump CPS LLC	6000.0
Trump CPS LLC	6000.0
Trump CPS LLC	6000.0
Trump CPS LLC	6000.0
Trump CPS LLC	6000.0
Trump CPS LLC	6000.0
Trump CPS LLC	6000.0
Trump CPS LLC	6000.0
Trump CPS LLC	6000.0
Trump Restaurants LLC	5912.42
Trump Hotel Vancouver	5766.64
Trump Golf Resort Scotland	5583.13
Trump Tower Commercial LLC	5574.93
Trump Payroll Corp	5297.45
Trump Golf Club Palm Beach	5088.44
Trump Hotel D.C.	5000.0
Trump Golf Club Palm Beach	5000.0
Trump Golf Club Miami	5000.0
Trump Tower Commercial LLC	4958.38
Trump Tower Commercial LLC	4931.32
Trump Hotel Vancouver	4853.29
Trump Golf Club	4695.33
Trump Golf Club Palm Beach	4660.0
Trump Hotel NY	4611.6
Trump Tower Commercial LLC	4591.67
Trump Tower Commercial LLC	4550.0
Trump Hotel D.C	4517.76
Trump Hotel D.C	4487.36
Trump Golf Club Palm Beach	4480.0
Trump Golf Club	4457.44
Trump Golf Club Palm Beach	4404.8
Trump Golf Club Palm Beach	4376.03
Trump Golf Club Palm Beach	4376.03
Trump Hotel D.C.	4300.0
Trump Golf Club Bedminster	4275.0
Trump Golf Club Bedminster	4275.0
Trump Hotel D.C	4175.0
Trump Tower Commercial LLC	4164.59
Trump Golf Club L.A.	4132.93
Trump Tower Commercial LLC	4127.33
Trump Hotel NY	4099.2
Trump Payroll Corp	4049.64
Trump Payroll Corp	4049.62
Trump Restaurants LLC	3984.88
Trump Restaurants LLC	3984.88
Trump Hotel Chicago	3984.41
Trump Tower Commercial LLC	3954.54
Trump Plaza LLC	3850.0
Trump Plaza LLC	3850.0
Trump Plaza LLC	3850.0
Trump Golf Club Palm Beach	3792.83
Mar-a-Lago Club LLC	3792.35
Trump Hotel D.C	3750.0
Trump Hotel D.C	3750.0
Trump Hotel D.C	3750.0
Trump Payroll Corp	3706.98
Trump Payroll Corp	3706.98
Trump Payroll Corp	3706.98
Trump Payroll Corp	3706.98
Trump Payroll Corp	3706.98
Trump Golf Club L.A.	3670.8
Trump Restaurants LLC	3647.35
Trump Golf Club Miami	3596.01
Trump Golf Club Palm Beach	3591.51
Trump Golf Club	3577.03
Trump Golf Club Miami	3549.71
Trump Tower Commercial LLC	3548.49
Trump Golf Club Palm Beach	3506.92
Trump Tower Commercial LLC	3499.34
BLT Prime D.C	3422.94
Trump Payroll Corp	3360.15
Trump Payroll Corp	3347.59
Trump Hotel D.C	3322.37
Trump Hotel D.C	3314.85
BLT Prime D.C	3286.43
Trump Soho NY	3240.96
Mar-a-Lago Club LLC	3193.23
Trump Hotel D.C	3144.28
Trump Hotel Las Vegas	3127.32
Trump Hotel D.C	3112.2
Trump Golf Club	3096.0
Trump Payroll Corp	3063.2
Trump Restaurants LLC	3000.0
Trump Restaurants LLC	3000.0
Trump Restaurants LLC	3000.0
Trump Golf Club Miami	3000.0
Trump Tower Commercial LLC	2991.27
Trump Golf Club Palm Beach	2938.0
BLT Prime D.C	2934.54
Trump Golf Club Miami	2883.17
Trump Hotel NY	2815.81
Trump Restaurants LLC	2806.32
BLT Prime D.C	2700.0
Trump Tower Commercial LLC	2693.63
Trump Tower Commercial LLC	2693.63
Trump Tower Commercial LLC	2692.72
Trump Tower Commercial LLC	2679.33
Eric Trump Wine Manufacturing, LLC	2650.66
Trump Payroll Corp	2620.86
Trump Golf Club Palm Beach	2600.0
Trump Tower Commercial LLC	2587.24
Trump Tower Commercial LLC	2587.24
Trump Tower Commercial LLC	2587.23
Trump Tower Commercial LLC	2587.23
Trump Tower Commercial LLC	2574.43
Trump Tower Commercial LLC	2574.43
Trump Tower Commercial LLC	2574.43
Trump Tower Commercial LLC	2574.43
Trump Tower Commercial LLC	2574.43
Trump Tower Commercial LLC	2574.43
Trump Tower Commercial LLC	2574.43
Trump Tower Commercial LLC	2574.43
Trump Payroll Corp	2574.43
Trump Tower Commercial LLC	2574.43
Trump Tower Commercial LLC	2574.43
Trump Tower Commercial LLC	2574.43
Trump Tower Commercial LLC	2574.43
Trump Tower Commercial LLC	2574.43
Trump Tower Commercial LLC	2574.43
Trump Tower Commercial LLC	2574.43
Trump Tower Commercial LLC	2574.43
Trump Tower Commercial LLC	2574.43
Trump Tower Commercial LLC	2574.43
Trump Tower Commercial LLC	2574.43
Trump Tower Commercial LLC	2574.43
Trump Tower Commercial LLC	2574.43
Trump Tower Commercial LLC	2574.43
Trump Tower Commercial LLC	2574.43
Trump Tower Commercial LLC	2574.43
Trump Tower Commercial LLC	2574.43
Trump Tower Commercial LLC	2574.43
Trump Tower Commercial LLC	2574.43
Trump Tower Commercial LLC	2574.43
Trump Tower Commercial LLC	2574.43
Trump Tower Commercial LLC	2574.43
Trump Tower Commercial LLC	2574.43
Trump Tower Commercial LLC	2574.43
Trump Tower Commercial LLC	2574.43
Trump Tower Commercial LLC	2574.43
Trump Tower Commercial LLC	2574.43
Trump Tower Commercial LLC	2574.43
Trump Tower Commercial LLC	2574.43
Trump Tower Commercial LLC	2574.43
Trump Tower Commercial LLC	2574.43
Trump Tower Commercial LLC	2574.42
Trump Tower Commercial LLC	2573.43
Trump Hotel D.C	2558.77
Trump Payroll Corp	2544.01
Trump Payroll Corp	2544.01
Trump Payroll Corp	2544.01
Trump Payroll Corp	2544.01
Trump Tower Commercial LLC	2536.34
Trump Tower Commercial LLC	2536.34
Trump Tower Commercial LLC	2536.33
Trump Tower Commercial LLC	2536.33
Trump Tower Commercial LLC	2536.33
Trump Tower Commercial LLC	2531.19
Trump Payroll Corp	2529.11
Trump Golf Club Palm Beach	2520.0
Trump Payroll Corp	2460.94
Trump Payroll Corp	2460.94
Trump Payroll Corp	2460.94
Trump Payroll Corp	2460.94
Trump Restaurants LLC	2459.52
Trump Hotel Chicago	2452.45
Trump Tower Commercial LLC	2426.63
Trump Tower Commercial LLC	2426.63
Trump Hotel NY	2419.08
Trump Hotel NY	2419.08
Trump Golf Club Palm Beach	2408.54
Trump Payroll Corp	2371.78
Other	2287.5
Trump Hotel D.C	2267.67
Trump Hotel D.C.	2250.0
Trump Restaurants LLC	2229.76
Trump Golf Club Palm Beach	2203.5
Trump Golf Club Palm Beach	2189.88
Trump Hotel NY	2172.45
BLT Prime D.C	2153.64
BLT Prime D.C	2082.04
Trump Golf Club Palm Beach	2080.0
Trump Hotel Chicago	2079.06
Mar-a-Lago Club LLC	2073.33
Trump Restaurants LLC	2066.44
Trump Restaurants LLC	2000.0
Trump Restaurants LLC	2000.0
Trump Restaurants LLC	2000.0
Trump Hotel D.C	1990.68
Trump Golf Club D.C	1976.52
Trump Golf Club Palm Beach	1974.16
Trump Hotel NY	1936.98
Trump Hotel NY	1936.98
Trump Golf Club Miami	1935.83
Trump Hotel Panama	1926.5
Trump Hotel D.C	1924.18
Trump Hotel D.C.	1850.0
Trump Hotel NY	1844.2
Trump Hotel D.C	1820.56
Trump Hotel D.C	1820.56
Trump Restaurants LLC	1795.63
BLT Prime D.C	1790.59
Trump Golf Club Palm Beach	1785.59
Trump Hotel D.C	1755.18
BLT Prime D.C	1744.3
Trump Hotel D.C	1723.23
Trump Golf Club Palm Beach	1717.53
Trump Payroll Corp	1713.32
Trump Hotel D.C.	1696.68
Trump Golf Club Palm Beach	1687.32
Trump Hotel D.C	1659.1
Trump Hotel D.C	1648.0
Trump Hotel D.C.	1635.1
Trump Hotel D.C	1591.56
Trump Hotel D.C	1587.46
Trump Hotel Panama	1580.0
Trump Hotel Panama	1580.0
Trump Golf Club Palm Beach	1560.0
Trump Hotel D.C	1559.58
Trump Hotel NY	1558.24
Trump Hotel D.C	1525.46
Trump Hotel NY	1506.76
Trump Restaurants LLC	1483.0
Trump Golf Club Miami	1473.4
Trump Golf Club Palm Beach	1469.0
Trump Golf Club Palm Beach	1469.0
Trump Golf Club Palm Beach	1469.0
Trump Hotel Panama	1422.0
Trump Hotel D.C	1416.26
Trump Hotel D.C	1394.62
BLT Prime D.C	1391.05
Trump Hotel NY	1380.54
Trump Hotel D.C	1376.63
Trump Hotel D.C	1356.84
Trump Virginia Acquisitions, LLC	1343.0
Trump Virginia Acquisitions, LLC	1343.0
Trump Cafe NY	1333.72
Trump Hotel Las Vegas	1313.39
Trump Ice LLC	1311.6
Trump Hotel D.C.	1308.36
Trump Hotel NY	1303.46
Trump Hotel D.C	1298.83
Trump Hotel Las Vegas	1291.32
Eric Trump Wine Manufacturing, LLC	1287.92
Trump Hotel NY	1278.13
BLT Prime D.C	1268.1
BLT Prime D.C	1259.3
Trump Hotel D.C	1251.32
Trump Hotel NY	1242.76
Trump Hotel NY	1242.76
Trump Hotel D.C	1238.35
BLT Prime D.C	1223.0
Trump Tower Commercial LLC	1216.27
Trump Hotel D.C	1211.1
Trump Hotel D.C	1203.8
Trump Hotel NY	1202.25
Trump Hotel NY	1202.25
Trump Hotel NY	1202.25
Trump Hotel NY	1202.25
Trump Golf Club Miami	1168.54
Trump Hotel D.C.	1164.36
Trump Restaurants LLC	1162.16
Trump Hotel Las Vegas	1152.53
Trump Hotel Chicago	1152.36
Trump Hotel D.C	1145.0
Trump Hotel D.C	1133.56
Trump Hotel D.C	1130.36
Trump Hotel NY	1127.03
Trump Hotel NY	1127.03
Trump Hotel Panama	1123.33
Trump Golf Club Miami	1120.0
Trump Hotel Chicago	1113.4
Trump Hotel D.C	1104.86
Trump Hotel Chicago	1102.0
BLT Prime D.C	1099.8
Trump Golf Club Palm Beach	1092.0
Trump Restaurants LLC	1088.75
Trump Golf Club Palm Beach	1064.0
Trump Restaurants LLC	1058.27
Eric Trump Wine Manufacturing, LLC	1053.0
Trump Hotel D.C.	1051.8
Trump Hotel D.C.	1041.96
Trump Tower Commercial LLC	1029.77
Trump Hotel NY	1021.43
Trump Hotel NY	1021.43
Trump Hotel NY	1020.8
Trump Restaurants LLC	1000.0
Trump Restaurants LLC	1000.0
Trump Restaurants LLC	1000.0
Trump Restaurants LLC	1000.0
Trump Restaurants LLC	1000.0
Trump Restaurants LLC	1000.0
Trump Restaurants LLC	1000.0
Trump Restaurants LLC	1000.0
Trump Restaurants LLC	1000.0
Trump Restaurants LLC	1000.0
Trump Restaurants LLC	1000.0
Other	1000.0
Trump Soho NY	991.09
Trump Golf Club Miami	984.0
Trump Golf Club Miami	984.0
Trump Virginia Acquisitions, LLC	983.68
BLT Prime D.C	974.02
Trump Hotel D.C	972.98
Trump Hotel D.C	964.64
Trump Hotel Las Vegas	959.95
Trump Hotel NY	956.26
Trump Hotel D.C	956.08
Trump Hotel D.C	954.0
Trump Golf Club Miami	954.0
Trump Golf Club Miami	954.0
Trump Restaurants LLC	952.66
Trump Hotel Panama	948.0
Trump Ice LLC	940.5
Trump Hotel Las Vegas	940.24
Trump Hotel Chicago	937.3
Trump Hotel Las Vegas	934.39
Trump Hotel Las Vegas	927.37
Trump Hotel Las Vegas	927.37
Trump Hotel Las Vegas	927.37
Trump Hotel Chicago	925.11
Trump Hotel D.C	922.87
Trump Hotel Las Vegas	922.05
Trump Soho NY	918.02
Trump Hotel D.C	910.28
Trump Hotel D.C	910.28
Trump Hotel D.C	906.92
Trump Hotel D.C.	905.76
Trump Hotel D.C	904.56
Trump Hotel Las Vegas	899.36
Trump Hotel D.C	874.4
Trump Hotel D.C	873.5
Other	868.0
BLT Prime D.C	857.2
Trump Golf Club Miami	854.28
Trump Golf Club Miami	854.28
Trump Soho NY	851.13
Trump Hotel D.C	849.14
Trump Hotel D.C	848.82
Trump Golf Club D.C	846.01
Trump Hotel D.C.	831.27
Trump Hotel D.C	831.15
Other	829.63
Trump Ice LLC	828.26
Trump Ice LLC	828.26
Trump Ice LLC	828.26
Trump Hotel NY	817.15
Trump Soho NY	814.24
Trump Soho NY	810.24
Trump Hotel D.C	807.22
Trump Hotel D.C.	806.5
Trump Golf Club Miami	803.5
Trump Golf Club Miami	803.5
Trump Hotel NY	801.5
Trump Hotel NY	801.5
Trump Hotel D.C	797.86
Trump Hotel D.C	795.78
Trump Golf Club Miami	795.0
Trump Golf Club Miami	795.0
Trump Hotel D.C.	792.12
Trump Hotel D.C	790.06
Trump Hotel D.C.	789.82
Trump Hotel D.C	789.82
Trump Soho NY	789.37
BLT Prime D.C	785.0
BLT Prime D.C	784.4
Trump Hotel Las Vegas	776.07
Trump Soho NY	772.68
Trump Hotel D.C	759.38
Trump Hotel D.C.	751.2
Trump Hotel Chicago	750.0
BLT Prime D.C	748.3
Trump Hotel Las Vegas	742.65
Trump Hotel Las Vegas	742.65
Trump Hotel Las Vegas	733.84
Trump Hotel D.C	731.36
Trump Golf Club Miami	718.68
BLT Prime D.C	714.9
Mar-a-Lago Club LLC	713.07
BLT Prime D.C	708.5
Trump Restaurants LLC	702.24
Trump Cafe NY	701.9
Trump Hotel D.C	701.25
Trump Hotel D.C	700.7
Trump Hotel Las Vegas	699.51
Trump Hotel D.C	696.64
Trump Hotel D.C	688.6
Trump Soho NY	686.89
Trump Hotel D.C	686.5
Trump Hotel D.C	686.5
Trump Hotel D.C	686.33
Trump Hotel Las Vegas	685.35
Trump Restaurants LLC	683.04
Trump Hotel Las Vegas	674.15
Trump Soho NY	671.11
Trump Hotel D.C	662.99
Trump Hotel D.C	659.4
Trump Hotel Las Vegas	653.92
Trump Hotel Las Vegas	653.5
Trump Hotel Chicago	650.0
Trump Hotel D.C	649.95
BLT Prime D.C	648.9
Trump Hotel Las Vegas	644.43
BLT Prime D.C	639.5
Trump Soho NY	639.19
Trump Golf Club Miami	636.0
Trump Hotel Las Vegas	635.84
Trump Hotel Panama	632.0
Trump Hotel Panama	632.0
Trump Hotel Panama	632.0
Trump Hotel Panama	632.0
Trump Hotel D.C	631.9
Trump Hotel Las Vegas	629.11
Trump Hotel D.C	626.99
Trump Hotel D.C	626.8
BLT Prime D.C	622.5
Trump Hotel NY	606.4
Trump Hotel Las Vegas	601.44
Trump Soho NY	599.63
Trump Hotel Las Vegas	594.12
Trump Hotel Las Vegas	594.12
Trump Hotel Las Vegas	594.12
Trump Hotel Las Vegas	594.12
Trump Hotel Las Vegas	594.12
Trump Hotel Las Vegas	594.12
Trump Hotel Las Vegas	594.12
Trump Hotel Las Vegas	594.12
Trump Hotel Las Vegas	594.12
Trump Hotel Las Vegas	594.12
Trump Hotel Las Vegas	594.12
Trump Hotel Las Vegas	593.65
Trump Golf Club Doonberg	592.13
Trump Hotel D.C	588.21
Trump Hotel D.C	585.65
Trump Hotel Las Vegas	584.33
Trump Hotel Las Vegas	580.52
BLT Prime D.C	574.2
Trump Hotel D.C	572.5
Trump Hotel D.C	566.78
Trump Hotel D.C	566.78
BLT Prime D.C	561.9
Trump Restaurants LLC	538.73
Trump Hotel D.C	535.26
Trump Hotel NY	533.45
Trump Hotel NY	533.45
Trump Hotel D.C	528.32
Trump Golf Club Jupiter	524.7
Trump Golf Club Jupiter	524.7
Trump Hotel D.C	524.2
Trump Hotel NY	516.39
Trump Tower Commercial LLC	514.88
Trump Soho NY	508.03
Mar-a-Lago Club LLC	507.53
BLT Prime D.C	505.7
Trump Hotel Honolulu	502.57
Trump Hotel Honolulu	502.57
BLT Prime D.C	498.6
BLT Prime D.C	491.9
Trump Soho NY	491.07
Trump Golf Club D.C	479.91
BLT Prime D.C	479.3
Trump Hotel D.C	478.12
Trump Golf Club Miami	477.0
Trump Golf Club Miami	477.0
Benjamin Bar & Lounge D.C	475.0
Trump Golf Club Miami	471.55
BLT Prime D.C	468.8
Trump Hotel Las Vegas	461.76
Trump Hotel NY	460.27
Trump Hotel NY	458.77
Trump Hotel NY	458.77
Trump Hotel NY	458.77
Trump Soho NY	455.32
Trump Hotel Las Vegas	454.21
Trump Hotel Chicago	454.13
Trump Hotel D.C	452.28
Trump Hotel Las Vegas	452.28
Trump Hotel D.C	452.28
Trump Hotel D.C	452.28
Trump Hotel D.C	452.28
Trump Hotel D.C	452.28
Trump Hotel D.C	452.28
Other	450.0
Trump Hotel Las Vegas	445.59
Trump Hotel Las Vegas	445.59
Trump Hotel Las Vegas	445.59
Trump Hotel D.C	443.87
BLT Prime D.C	441.0
BLT Prime D.C	437.4
Trump Hotel Chicago	433.91
Trump Hotel NY	430.51
Trump Hotel NY	430.51
Trump Ice LLC	428.53
Trump Ice LLC	428.53
Trump Hotel D.C	426.3
Trump Hotel D.C	418.62
Trump Hotel Las Vegas	417.73
Trump Restaurants LLC	417.55
Trump Hotel Las Vegas	417.0
BLT Prime D.C	415.4
Trump Golf Club Miami	411.55
Trump Hotel NY	409.69
Trump Golf Club Miami	405.38
Trump Restaurants LLC	404.3
Other	402.93
BLT Prime D.C	401.0
Trump Hotel NY	400.75
Trump Hotel NY	400.75
Trump Hotel D.C.	400.4
Trump Golf Club	400.0
Trump Golf Club	400.0
Trump Ice LLC	399.73
BLT Prime D.C	398.66
Trump Restaurants LLC	398.53
Trump Hotel Las Vegas	396.63
Trump Hotel NY	396.06
Trump Hotel D.C	396.0
Trump Hotel D.C	395.03
Trump Hotel D.C	395.03
Trump Hotel D.C	395.03
Trump Hotel D.C	395.03
Trump Hotel D.C	395.03
Trump Hotel D.C	395.03
Trump Hotel D.C	395.0
Trump Hotel D.C	395.0
Trump Hotel D.C	395.0
BLT Prime D.C	394.2
Trump Hotel D.C	393.9
Trump Hotel Las Vegas	393.0
Trump Hotel Las Vegas	393.0
Trump Hotel Las Vegas	393.0
Trump Hotel Las Vegas	393.0
Trump Cafe NY	391.44
BLT Prime D.C	390.0
Trump Soho NY	389.92
Trump Hotel Chicago	384.12
Trump Hotel Panama	383.25
Trump Hotel Chicago	370.98
Trump Hotel Panama	366.8
BLT Prime D.C	365.9
Trump Golf Club Miami	360.47
Trump Hotel Las Vegas	359.55
BLT Prime D.C	358.1
Trump Hotel D.C	354.8
Trump Hotel Chicago	353.68
Trump Hotel D.C.	352.6
Trump Hotel Chicago	352.2
Trump Soho NY	351.39
BLT Prime D.C	350.0
Trump Hotel Panama	348.06
Trump Hotel D.C.	343.25
Trump Hotel D.C	341.12
Trump Soho NY	340.85
Trump Hotel Las Vegas	335.59
BLT Prime D.C	333.3
Trump Hotel D.C	327.6
Trump Hotel Panama	327.1
BLT Prime D.C	324.0
Trump Hotel Panama	321.0
BLT Prime D.C	319.8
Trump Golf Club Miami	318.0
Trump Golf Club Miami	318.0
Trump Hotel Panama	316.8
Trump Hotel Panama	316.8
Trump Hotel Panama	316.8
Trump Hotel Panama	316.0
Trump Hotel Panama	316.0
Trump Hotel Panama	316.0
Trump Hotel Panama	316.0
Trump Hotel Panama	316.0
Eric Trump Wine Manufacturing, LLC	315.9
Trump Hotel D.C	313.24
Trump Hotel D.C	309.6
Trump Hotel Panama	307.31
Trump Golf Club Palm Beach	307.12
Trump Hotel Panama	306.73
Trump Restaurants LLC	306.67
Trump Golf Club Palm Beach	306.61
Trump Hotel Las Vegas	305.49
Trump Hotel D.C	305.1
Trump Hotel D.C	300.0
BLT Prime D.C	298.6
Trump Grill NY	297.59
Trump Golf Club Palm Beach	293.62
Trump Hotel Chicago	290.97
Trump Hotel D.C	290.3
BLT Prime D.C	289.3
Trump Hotel Las Vegas	286.73
BLT Prime D.C	286.4
Trump Hotel Las Vegas	284.7
Trump Soho NY	283.2
Trump Hotel D.C	281.5
BLT Prime D.C	281.4
Trump Cafe NY	280.44
Trump Hotel D.C.	277.09
Trump Hotel D.C.	277.09
Trump Hotel D.C.	277.09
Trump Hotel D.C	275.9
Trump Hotel Panama	273.91
Trump Hotel Las Vegas	269.26
Trump Hotel Las Vegas	269.26
Trump Hotel Las Vegas	269.26
Trump Hotel Las Vegas	269.26
Trump Hotel Las Vegas	269.26
Trump Hotel Las Vegas	269.26
Trump Hotel Las Vegas	269.26
Trump Hotel Las Vegas	269.26
Trump Hotel Las Vegas	269.26
Trump Hotel Las Vegas	269.26
Trump Hotel Las Vegas	269.26
Trump Hotel Las Vegas	269.26
Trump Hotel Las Vegas	269.26
Trump Hotel Las Vegas	269.26
BLT Prime D.C	268.4
Trump Hotel Panama	268.0
Trump Hotel D.C	267.7
BLT Prime D.C	267.6
Trump Hotel Las Vegas	262.0
Trump Hotel Las Vegas	262.0
Trump Hotel Las Vegas	262.0
Trump Hotel Las Vegas	262.0
Trump Hotel Las Vegas	262.0
Trump Hotel NY	260.0
Trump Hotel NY	260.0
Trump Hotel Las Vegas	258.76
BLT Prime D.C	256.6
Trump Hotel D.C	253.44
Trump Hotel D.C	250.6
Trump Hotel Las Vegas	250.0
Trump Hotel Panama	249.77
Benjamin Bar & Lounge D.C	249.0
Trump Hotel D.C	248.7
Trump Hotel Las Vegas	248.53
Trump Hotel D.C.	247.9
Trump Hotel Panama	246.01
Trump Hotel D.C	243.66
Trump Hotel D.C	242.4
Trump Hotel D.C.	242.0
Trump Hotel D.C.	242.0
Trump Hotel D.C.	242.0
Trump Hotel D.C.	242.0
Trump Hotel D.C.	242.0
Trump Hotel D.C.	242.0
Trump Hotel D.C.	242.0
Trump Restaurants LLC	240.0
BLT Prime D.C	239.1
Trump Hotel D.C	238.55
Trump Hotel Panama	237.61
Trump Restaurants LLC	234.0
Trump Restaurants LLC	231.98
Trump Hotel D.C	230.0
Trump Hotel D.C	230.0
Trump Hotel Las Vegas	227.7
Trump Hotel Panama	227.56
Trump Golf Club Miami	226.84
BLT Prime D.C	224.8
BLT Prime D.C	224.8
Trump Hotel NY	224.53
Trump Hotel D.C	224.0
Trump Hotel D.C	223.0
Trump Restaurants LLC	217.75
Trump Hotel D.C	217.5
Trump Hotel Las Vegas	217.15
BLT Prime D.C	216.7
Trump Grill NY	216.38
Trump Golf Club Miami	216.05
Trump Golf Club Miami	216.05
Trump Golf Club Miami	216.0
Trump Golf Club D.C.	214.42
Trump Hotel D.C	213.6
Trump Hotel D.C	211.1
Trump Hotel D.C	204.6
Trump Hotel Las Vegas	204.0
Trump Hotel Las Vegas	204.0
Trump Hotel Las Vegas	204.0
Trump Hotel D.C	203.4
Trump Hotel D.C	200.4
Trump Hotel Panama	200.09
Trump Hotel D.C	197.8
Trump Hotel D.C	197.0
Trump Hotel D.C.	196.56
Trump Hotel Panama	188.5
Trump Hotel Panama	188.49
Trump Hotel Las Vegas	186.17
Trump Hotel D.C	186.0
BLT Prime D.C	184.0
Trump Hotel Panama	182.42
BLT Prime D.C	181.8
Trump Hotel Las Vegas	181.41
Trump Golf Club Miami	179.02
Trump Golf Club Miami	179.02
BLT Prime D.C	175.27
Trump Hotel NY	174.81
Trump Grill NY	174.04
Trump Hotel D.C	173.2
Trump Hotel Las Vegas	171.43
Trump Soho NY	171.02
Trump Golf Club D.C	170.73
Trump Hotel Panama	169.43
Trump Hotel Las Vegas	165.82
Trump Hotel D.C.	162.8
Trump Hotel Panama	160.0
Trump Golf Club Miami	159.0
Trump Hotel Panama	158.0
Trump Hotel Panama	158.0
Trump Hotel Panama	158.0
Trump Hotel Panama	158.0
Trump Hotel Panama	158.0
Trump Hotel Panama	158.0
Trump Hotel Panama	158.0
Trump Hotel Panama	158.0
Trump Hotel Panama	158.0
Trump Hotel Panama	158.0
Trump Hotel Panama	158.0
Trump Hotel D.C	156.8
BLT Prime D.C	150.0
Trump Golf Club Miami	150.0
Trump Hotel Las Vegas	148.53
Trump Hotel Las Vegas	148.53
Trump Hotel Las Vegas	148.53
Trump Hotel Las Vegas	148.53
Trump Hotel Las Vegas	148.53
Trump Hotel Las Vegas	148.53
Trump Hotel Las Vegas	148.53
Trump Hotel Las Vegas	148.53
Trump Hotel Las Vegas	148.53
Trump Hotel Las Vegas	148.53
Trump Hotel Las Vegas	148.53
Trump Hotel Las Vegas	148.53
Trump Hotel Las Vegas	148.53
Trump Hotel Las Vegas	148.53
Trump Hotel Las Vegas	148.53
Trump Hotel Las Vegas	148.53
Trump Hotel Las Vegas	147.96
Trump Hotel Las Vegas	147.96
Trump Soho NY	144.8
Trump Hotel Las Vegas	144.22
Trump Hotel Las Vegas	144.22
BLT Prime D.C	144.0
Trump Hotel Las Vegas	142.88
Trump Hotel Honolulu	141.88
Trump Hotel Las Vegas	141.73
Trump Hotel Las Vegas	141.73
Trump Hotel Las Vegas	140.67
Trump Hotel D.C.	138.42
Benjamin Bar & Lounge D.C	136.6
BLT Prime D.C	133.65
Trump Hotel D.C	131.2
Trump Hotel D.C	131.0
Trump Hotel D.C	130.4
Trump Hotel Las Vegas	129.25
Trump Hotel D.C	126.7
Trump Hotel Las Vegas	126.08
Trump Hotel D.C	120.1
Trump Hotel D.C.	120.1
BLT Prime D.C	120.0
Trump Hotel D.C	118.0
Trump Hotel D.C	117.9
BLT Prime D.C	116.9
Trump Hotel Las Vegas	115.65
Trump Hotel Las Vegas	115.65
Trump Hotel Las Vegas	115.65
Trump Hotel Las Vegas	115.65
BLT Prime D.C	112.6
Trump Hotel D.C	112.2
Trump Hotel D.C	112.0
Trump Golf Club D.C	109.1
BLT Prime D.C	104.9
Trump Hotel Las Vegas	104.0
BLT Prime D.C	103.6
Trump Hotel Honolulu	103.25
Trump Hotel Honolulu	103.25
BLT Prime D.C	102.5
Trump Hotel D.C.	100.9
Trump Soho NY	100.0
BLT Prime D.C	100.0
Trump Golf Club Miami	99.06
Trump Hotel D.C	98.9
Trump Golf Club D.C	98.83
Trump Hotel Las Vegas	98.64
Trump Restaurants LLC	95.81
Trump Grill NY	94.46
BLT Prime D.C	94.2
Trump Hotel Las Vegas	92.01
Trump Golf Club L.A.	90.56
BLT Prime D.C	90.2
Trump Golf Club Palm Beach	89.88
Trump Golf Club Palm Beach	89.88
Trump Hotel Las Vegas	86.7
Trump Hotel D.C	85.4
BLT Prime D.C	85.4
Trump Hotel D.C	85.12
Trump Hotel D.C.	84.4
Trump Hotel Las Vegas	84.0
Trump Hotel Las Vegas	84.0
Trump Hotel Honolulu	83.25
Trump Golf Club L.A.	79.0
BLT Prime D.C	77.7
BLT Prime D.C	77.5
Trump Hotel Las Vegas	77.12
Trump Hotel D.C.	76.9
Trump Hotel D.C	76.8
Trump Hotel D.C.	75.8
Trump Hotel D.C	75.7
Trump Hotel D.C	74.8
Benjamin Bar & Lounge D.C	73.8
Trump Hotel D.C	72.5
Trump Hotel NY	72.0
Trump Hotel Las Vegas	71.7
Trump Hotel Las Vegas	71.48
Trump Hotel D.C.	70.3
Other	70.21
Trump Hotel D.C	70.0
BLT Prime D.C	69.3
Trump Cafe NY	68.7
Trump Hotel D.C	67.8
Trump Hotel Las Vegas	65.76
Trump Cafe NY	65.71
Trump Hotel Honolulu	63.25
Trump Hotel D.C	63.2
Trump Soho NY	62.06
Trump Hotel D.C.	61.4
Trump Hotel D.C.	59.5
Trump Hotel NY	58.29
Trump Hotel D.C	57.4
Trump Hotel Honolulu	57.17
Trump Hotel D.C	56.3
Trump Hotel D.C.	56.0
Trump Hotel D.C.	56.0
Trump Hotel D.C.	56.0
Trump Hotel D.C.	56.0
Trump Hotel D.C.	56.0
Trump Hotel D.C.	56.0
Trump Hotel D.C	55.2
Trump Hotel Las Vegas	55.0
Trump Golf Club D.C	54.0
Trump Hotel D.C	53.1
BLT Prime D.C	50.9
Trump Hotel Las Vegas	48.18
Benjamin Bar & Lounge D.C	47.4
Trump Hotel D.C	47.0
Trump Hotel D.C.	46.6
Trump Hotel D.C	46.5
Trump Hotel D.C.	46.4
Trump Hotel D.C	45.4
Trump Hotel Las Vegas	44.93
Trump Grill NY	44.49
Trump Hotel Las Vegas	44.0
Trump Hotel Las Vegas	43.53
Trump Hotel D.C.	43.5
Trump Golf Club D.C	43.4
Trump Hotel D.C	43.2
BLT Prime D.C	42.0
Trump Hotel D.C.	41.96
Trump Hotel D.C.	41.96
Trump Hotel Las Vegas	41.66
Trump Hotel Panama	41.44
Trump Hotel NY	41.37
Trump Hotel D.C	40.8
Trump Hotel Honolulu	39.94
Trump Hotel D.C	38.6
Trump Hotel Panama	38.48
Trump Hotel Panama	38.17
Trump Hotel D.C.	35.09
Trump Hotel D.C.	35.09
Trump Hotel D.C.	35.09
Trump Hotel D.C.	35.09
Trump Hotel D.C.	35.09
Trump Hotel D.C.	35.09
Trump Hotel D.C.	35.09
Trump Golf Club L.A.	33.38
Trump Hotel D.C	33.0
Trump Hotel Vancouver	32.89
Trump Hotel Panama	32.15
Trump Hotel D.C.	32.0
Trump Grill NY	31.66
Trump Hotel Panama	31.33
Trump Hotel Panama	29.96
Trump Golf Club D.C	29.4
Trump Hotel D.C	29.2
Trump Hotel D.C.	28.0
Trump Hotel Panama	27.94
Trump Hotel D.C	27.0
Trump Hotel Chicago	25.65
Trump Hotel Las Vegas	25.55
Trump Hotel Panama	25.51
Trump Cafe NY	25.12
Trump Hotel D.C.	25.0
Trump Hotel Panama	23.54
Trump Hotel D.C	22.8
Trump Hotel Las Vegas	22.49
Trump Hotel D.C	22.0
Trump Hotel Panama	22.0
Trump Hotel D.C.	22.0
Trump Hotel D.C.	22.0
Trump Soho NY	21.78
Trump Hotel Las Vegas	21.49
Trump Grill NY	21.07
Trump Hotel D.C.	20.9
Trump Grill NY	20.4
Trump Hotel Las Vegas	20.3
Trump Golf Club L.A.	20.0
Benjamin Bar & Lounge D.C	19.6
Trump Hotel NY	19.51
Trump Hotel Panama	19.26
Trump Hotel Panama	19.2
Trump Grill NY	18.72
Trump Hotel Las Vegas	18.4
Trump Golf Club D.C	18.38
Trump Grill NY	18.35
BLT Prime D.C	18.2
Trump Hotel Panama	18.17
Trump Hotel Las Vegas	17.98
Trump Hotel Panama	17.16
Trump Hotel D.C.	16.5
Trump Hotel D.C.	16.2
Trump Hotel D.C	16.1
Trump Golf Club Miami	16.0
Trump Grill NY	15.96
Trump Hotel NY	15.95
Trump Grill NY	15.51
Trump Grill NY	15.22
Trump Hotel Las Vegas	15.16
Trump Hotel NY	15.1
Trump Grill NY	15.0
Trump Cafe NY	14.46
Trump Hotel D.C	14.43
Trump Hotel NY	14.2
Trump Hotel NY	14.2
Trump Hotel Las Vegas	14.07
Trump Cafe NY	14.0
Trump Golf Club Miami	14.0
Trump Grill NY	13.83
Trump Hotel NY	11.9
Trump Hotel Panama	11.77
Trump Hotel Las Vegas	11.74
Trump Hotel NY	11.65
Trump Hotel NY	11.52
Trump Hotel Panama	11.42
Trump Grill NY	11.39
Trump Hotel NY	11.09
Trump Hotel D.C	11.0
Trump Hotel Las Vegas	10.74
Trump Grill NY	10.64
Trump Hotel NY	10.6
Trump Cafe NY	10.41
Trump Grill NY	10.21
Trump Cafe NY	10.21
Trump Grill NY	10.02
Trump Grill NY	10.02
Other	10.0
Trump Hotel Panama	10.0
Trump Grill NY	9.78
Trump Hotel Panama	9.63
Trump Golf Club L.A.	9.46
Trump Golf Club L.A.	9.45
Trump Hotel NY	9.44
Trump Hotel NY	9.01
Trump Hotel NY	9.01
Trump Hotel NY	9.01
Trump Cafe NY	9.0
Trump Cafe NY	9.0
Trump Hotel Las Vegas	9.0
Trump Grill NY	8.71
Trump Grill NY	8.64
Trump Hotel D.C	8.6
Trump Hotel Las Vegas	8.5
Trump Hotel Panama	8.21
Trump Grill NY	6.88
Trump Cafe NY	6.8
Trump Grill NY	6.8
Trump Hotel Panama	6.71
Trump Hotel Chicago	6.69
Trump Grill NY	6.64
Trump Hotel NY	6.48
Trump Hotel NY	5.99
Trump Cafe NY	5.82
Trump Hotel NY	5.62
Trump Hotel NY	5.55
Trump Hotel Panama	5.35
Trump Hotel NY	4.9
Trump Grill NY	4.73
Trump Grill NY	4.42
Trump Hotel NY	3.73
Trump Restaurants LLC	3.27
Trump Hotel Panama	3.0
Trump Hotel NY	2.7
Trump Hotel NY	2.12
Trump Hotel NY	2.08
The Trump Corporation	-428.53
Trump Ice LLC	-828.26
Trump Golf Club Miami	-11541.2
